CREATE DATABASE IF NOT EXISTS CIBrebuild;

use CIBrebuild;

CREATE TABLE USER_PROFILES (
  user_ID       varchar(15)      not null,
  fname         varchar(50)      not null,
  lname         varchar(50)      not null,
  username      varchar(50)      not null,
  password      text             not null,
  email         varchar(100)     not null,

  constraint primary key (user_ID)
);

CREATE TABLE ACTIVITIES (
  activity_ID          varchar(8)      not null,
  shorthand            varchar(100)    not null,
  title                varchar(60)     not null,
  description          text            not null,

  constraint primary key (activity_ID)
);

CREATE TABLE ACTIVITY_LOGS (
  date_time          datetime         DEFAULT CURRENT_TIMESTAMP,
  user_ID            varchar(15)      not null,
  activity_ID        varchar(8)       not null,

  constraint foreign key (user_ID) REFERENCES USER_PROFILES (user_ID),
  constraint foreign key (activity_ID) REFERENCES ACTIVITIES (activity_ID)
);

INSERT INTO `USER_PROFILES` VALUES
('5d01dabf6e58c','Greg','Basera','GregBasera','5baa61e4c9b93f3f0682250b6cf8331b7ee68fd8','gbasera@gbox.adnu.edu.ph'),
('5da9fabee46fa','Nico','Caneba','ncaneba','5baa61e4c9b93f3f0682250b6cf8331b7ee68fd8','ncaneba@gbox.adnu.edu.ph'),
('5da9fdda1b5e0','Danie ','Bianca','daniebianca','d6fa77ad2c8d3abc1387864c0fa5e0e71e1a7ffb','deynigurl@gmail.com'),
('5daa5c5d0e58b','Jonathan','Versoza','Tan','5cdb49471e890335dccc504161f0b7d0488d96b9','jversoza@gbox.adnu.edu.ph'),
('5daa5c8461a26','Rea Marie','Roxas','iyarxs_','369fcdc41c85bc01af3948bd38b192af0700ed04','rroxas@gbox.adnu.edu.ph'),
('5daa5c8da4475','Geminie','Cabalquinto','cabalquintogem_20','3d36fbe4cc3fce5d32c08851bd142d44ce6eebdf','gcabalquinto@gbox.adnu.edu.ph'),
('5daa5c972a89e','Mark Dominic','Abelinde','mabelinde','0b49565c54ec0b20c2e888c6a6f43ee15c0688fa','mabelinde@gbox.adnu.edu'),
('5daa730edeedf','Regina','Balbalosa','reginabalbalosa','89ac9ce95bededa4bef6e7969b45306d46e7952d','rbalbalosa@gbox.adnu.edu.ph'),
('5daa73334e4d8','Leand','Daluro','ldaluro','d0d63766fceed75ccd47250af3074ddcd2b83267','leanddaluro131@gmail.com'),
('5daa74d3ab3d9','Jericho Antonio ','Consulta','echo','c184317d2d890bbda93be144c0b284b5e745614f','consultaecho00@gmail.com'),
('5daa74d6ceb56','Abegail','Mendoza','abby','419172ea9bb591180dffa60f2bf1daf56dd8c04c','abmendoza@gbox.adnu.edu.ph'),
('5daa76517e866','Shinneth','Montales','shinn_montales','37191a5bc3c181388151a716e0f054a0dfc10fb3','shmontales@gbox.adnu.edu.ph'),
('5daa76e823818','Angelica','Camilo','acamilo','3cd0aee265f76cff0c117ca05448d0b0c53af80f','aicacamilo123@gmail.com'),
('5daa7713be2c2','Theresa Marie','Marquese','TheresaMarquese','80a700fbc51946a4a7e215013a3b1014a71897ec','theresamarquese@gmail.com'),
('5daa7fd399474','Gil','Monserate','mons17','fa78226d0d2f69bf429c9e9ebeb1b2973a267b64','gmonserateiii@gbox.adnu.edu.ph'),
('5db11dd0ee82f','Ramon Dominic','Nobleza','dom','40bd001563085fc35165329ea1ff5c5ecbdbbeef','rnobleza@gbox.adnu.edu.ph'),
('5db3bee967e2c','Jeric Marx','Natividad','alahuakbart','f2dd08ca21871c910b43a5614658d8be15123df1','jmnatividad@gbox.adnu.edu.ph'),
('5db3bf039e37c','Gian Mari','Ramos','g','eeb187f782a2659a0410817daf7b74d8fc6d919f','gmramos@gbox.adnu.edu.ph'),
('5db3bf050a8a0','Vicente Jr','Pillora','jeh028','7ec3cd2e20d8496104683a4274d6be40a40d448e','vpillorajr@gbox.adnu.edu.ph'),
('5db3bf48238aa','Aldrich','Lape','aldrichlape','36d470c61b6387ef3d49936d8e0765059471a368','aalape@gbox.adnu.edu.ph'),
('5db3bf8e02420','Jeremy','Perez','bruce','da7ac0554adb5efc1e4791b0a3b87839f1d6413a','jerperez@gbox.adnu.edu.ph'),
('5db3bfd923aac','Khieyl Eugene','Nicolas','kael','395631edd9f33efaf3a09c22f7047eb42564271c','knicolas@gbox.adnu.eduph'),
('5db3c03e7e028','Lorenzo','Lasam','Enzotic','8ffa6dfc042fd9bc017a72778a8c0ae55315c209','llasam@gbox.adnu.edu.ph'),
('5db3c153c2bdb','Lance Kent','Briones','SatorHHO','3ef2d971b47388e538d1381e76069da65c6fc9d7','lbriones@gbox.adnu.edu.ph'),
('5db3c291da349','Bernard Louie','Estioco','Bernard','1520476808134721703725e49e1bdb179d61155c','bestioco@gbox.adnu.edu.ph'),
('5db3c31f132a2','Michael','Luz','organicalmonds','ccf89947c30a18208841ee4f5198fa7737e400e8','jluz@gbox.adnu.edu.ph'),
('5db3c4da5de19','Gerd ','Jana','gerdiedoo','317400af00318bc595f7b833d46db9ea5369b61d','gjana@gbox.adnu.edu.ph'),
('5db3c567451b2','Russel','Hernandez','march','ba4f092dbc8651f58961cf3dca985370e87b4774','ruhernandez@gbox.adnu.edu.ph'),
('5db3c6c4465d2','Aneglica','Cabalquinto','zhazskf','17ae5525694057e8454cf37e19147026f3253ad8','acabalquinto@gbox.adnu.edu.ph'),
('5db3c6d01f5da','Jeffrey','Oliver','JefFreak','9a14852bdeeaec47d6e8f876dc390b4a40b011d6','jeoliver@gbox.adnu.edu.ph'),
('5db3c72d39108','Jon Arielm','Maravilla','jonarielm','7c4a8d09ca3762af61e59520943dc26494f8941b','jmaravilla@gbox.adnu.edu.ph'),
('5db3da50332ff','Sd','Sd','asd','40bd001563085fc35165329ea1ff5c5ecbdbbeef','123@gmail.com'),
('5db44a811aa24','Earl Gabrielle','Basera','blossomblast','e839c2b8c316363ab6c02fecbd120fa4ff6f4216','earlgab9@gmail.com'),
('5db6c39117257','Julius','Daet','jules','3d84ff0760240a74bd3737d8c97b7e0b6c324699','jdaet@gbox.adnu.edu.ph');

INSERT INTO `ACTIVITIES` VALUES
('cib00000','User acc created','Welcome to CodeinBlocks!','We\'ve noticed that you\'re new here. We recommend clicking the button below your username on the top-right of the page or the button below for a tour of the system.<br><a id=\'systour\'></a>'),
('cib00001','User finished T1','You\'ve cleared the 1st Topic!','Here\'s a general fact: \'A good programmer is someone who always looks both ways before crossing a one-way street.\' The question is, why?...'),
('cib00002','User finished T2','You\'ve cleared the 2nd Topic!','Programmer (noun)<br>- a person who fixed a problem that you don’t know you have, in a way you don’t understand.'),
('cib00003','User finished T3','You\'ve cleared the 3rd Topic!','Trivia for you: Did you know how many total programming languages? – it’s 698.<br>Well, it doesn\'t really matter. All of them gets compiled to machine language anyway.'),
('cib00004','User finished T4','You\'ve cleared the 4th Topic!','Congratulations! Most people are intimidated by the thought of learning how to program, however, the more you practice and repeatedly do that task, the easier it gets.'),
('cib00005','User finished T5','You\'ve cleared the 5th Topic!','Hey, let me give you a tip:<br>  Ctrl + C and Ctrl + V have saved more lives than Batman and Robin. *wink wink*'),
('cib00006','User finished T6','You\'ve cleared the 6th Topic!','Programming is 10% writing code and 90% understanding why it’s not working. Wouldn\'t you agree?'),
('cib00007','User finished T7','You\'ve cleared the 7th Topic!','Did you know? Real programmers count from 0. Though its not very relevant in Blockly, it is with other programming languages.'),
('cibw0001','User done on W1','1st worksheet Done!','Great job! You can go back and try any worksheet again. Only your most recent score is recorded.'),
('cibw0002','User done on W2','2nd worksheet Done!','You can use the Sandbox to practice or try any idea you may have for Blockly.'),
('cibw0003','User done on W3','Did you figure out the my bug?','<b>Congratulations! You\'ve finished all the sessions.<b>There a bug in the system. Did you find it? Let us know.');

INSERT INTO `ACTIVITY_LOGS` VALUES
('2019-09-06 01:47:14','5d01dabf6e58c','cib00000'),
('2019-10-18 17:47:43','5da9fabee46fa','cib00000'),
('2019-10-18 17:48:33','5d01dabf6e58c','cib00001'),
('2019-10-18 17:53:47','5d01dabf6e58c','cib00002'),
('2019-10-18 17:54:55','5d01dabf6e58c','cibw0001'),
('2019-10-18 18:00:58','5da9fdda1b5e0','cib00000'),
('2019-10-18 18:03:57','5d01dabf6e58c','cib00003'),
('2019-10-18 18:04:20','5da9fdda1b5e0','cib00001'),
('2019-10-18 18:04:52','5d01dabf6e58c','cib00004'),
('2019-10-18 18:06:42','5d01dabf6e58c','cib00005'),
('2019-10-18 18:07:08','5d01dabf6e58c','cibw0002'),
('2019-10-18 18:13:23','5d01dabf6e58c','cib00006'),
('2019-10-18 18:14:40','5d01dabf6e58c','cib00007'),
('2019-10-18 18:14:59','5d01dabf6e58c','cibw0003'),
('2019-10-19 00:44:13','5daa5c5d0e58b','cib00000'),
('2019-10-19 00:44:52','5daa5c8461a26','cib00000'),
('2019-10-19 00:45:01','5daa5c8da4475','cib00000'),
('2019-10-19 00:45:11','5daa5c972a89e','cib00000'),
('2019-10-19 00:57:10','5d01dabf6e58c','cib00001'),
('2019-10-19 00:58:51','5daa5c5d0e58b','cib00001'),
('2019-10-19 01:00:32','5daa5c8da4475','cib00001'),
('2019-10-19 01:01:15','5daa5c8461a26','cib00001'),
('2019-10-19 01:01:42','5daa5c972a89e','cib00001'),
('2019-10-19 01:15:57','5daa5c8da4475','cib00002'),
('2019-10-19 01:16:52','5daa5c8461a26','cib00002'),
('2019-10-19 01:21:23','5daa5c8461a26','cibw0001'),
('2019-10-19 01:22:42','5daa5c8da4475','cibw0001'),
('2019-10-19 01:34:32','5d01dabf6e58c','cib00002'),
('2019-10-19 01:35:16','5d01dabf6e58c','cib00003'),
('2019-10-19 01:36:14','5d01dabf6e58c','cib00003'),
('2019-10-19 01:40:40','5daa5c8461a26','cib00003'),
('2019-10-19 01:40:52','5daa5c5d0e58b','cib00002'),
('2019-10-19 01:41:06','5d01dabf6e58c','cib00003'),
('2019-10-19 01:41:26','5daa5c8da4475','cib00003'),
('2019-10-19 01:45:25','5daa5c8da4475','cib00004'),
('2019-10-19 01:46:21','5daa5c8461a26','cib00004'),
('2019-10-19 01:54:05','5daa5c5d0e58b','cibw0001'),
('2019-10-19 02:05:11','5daa5c8461a26','cib00005'),
('2019-10-19 02:08:39','5daa5c8da4475','cib00005'),
('2019-10-19 02:09:56','5daa5c8461a26','cibw0002'),
('2019-10-19 02:10:14','5daa5c972a89e','cib00002'),
('2019-10-19 02:13:35','5daa5c8da4475','cibw0002'),
('2019-10-19 02:21:03','5daa730edeedf','cib00000'),
('2019-10-19 02:21:03','5daa5c972a89e','cibw0001'),
('2019-10-19 02:21:24','5daa5c5d0e58b','cib00003'),
('2019-10-19 02:21:39','5daa73334e4d8','cib00000'),
('2019-10-19 02:26:29','5daa5c8461a26','cib00006'),
('2019-10-19 02:28:35','5daa74d3ab3d9','cib00000'),
('2019-10-19 02:28:38','5daa74d6ceb56','cib00000'),
('2019-10-19 02:31:25','5daa5c8da4475','cib00006'),
('2019-10-19 02:34:57','5daa76517e866','cib00000'),
('2019-10-19 02:37:21','5daa73334e4d8','cib00001'),
('2019-10-19 02:37:28','5daa76e823818','cib00000'),
('2019-10-19 02:38:11','5daa7713be2c2','cib00000'),
('2019-10-19 02:43:43','5daa5c5d0e58b','cib00004'),
('2019-10-19 02:44:27','5daa5c8da4475','cib00007'),
('2019-10-19 02:44:43','5daa5c8461a26','cib00007'),
('2019-10-19 02:46:05','5daa74d3ab3d9','cib00001'),
('2019-10-19 02:46:17','5daa5c8461a26','cibw0003'),
('2019-10-19 02:46:28','5daa7713be2c2','cib00001'),
('2019-10-19 02:47:18','5daa76e823818','cib00001'),
('2019-10-19 02:47:38','5daa5c972a89e','cib00003'),
('2019-10-19 02:47:42','5daa5c8461a26','cibw0003'),
('2019-10-19 02:49:59','5daa5c8da4475','cibw0003'),
('2019-10-19 02:52:35','5daa73334e4d8','cib00002'),
('2019-10-19 02:53:00','5daa5c972a89e','cib00004'),
('2019-10-19 02:55:09','5daa76517e866','cib00001'),
('2019-10-19 02:55:14','5daa74d6ceb56','cib00001'),
('2019-10-19 02:58:21','5daa730edeedf','cib00001'),
('2019-10-19 03:07:08','5daa73334e4d8','cibw0001'),
('2019-10-19 03:07:38','5daa74d3ab3d9','cib00002'),
('2019-10-19 03:07:48','5daa7713be2c2','cib00002'),
('2019-10-19 03:10:53','5daa76e823818','cib00002'),
('2019-10-19 03:15:31','5daa7fd399474','cib00000'),
('2019-10-19 03:19:56','5daa76e823818','cibw0001'),
('2019-10-19 03:20:57','5daa7713be2c2','cibw0001'),
('2019-10-19 03:22:18','5daa76517e866','cib00002'),
('2019-10-19 03:22:20','5daa74d6ceb56','cib00002'),
('2019-10-19 03:22:37','5daa73334e4d8','cib00003'),
('2019-10-19 03:22:52','5daa7fd399474','cib00001'),
('2019-10-19 03:23:23','5daa74d3ab3d9','cibw0001'),
('2019-10-19 03:28:31','5daa73334e4d8','cib00004'),
('2019-10-19 03:29:50','5daa730edeedf','cib00002'),
('2019-10-19 03:30:04','5daa74d6ceb56','cibw0001'),
('2019-10-19 03:33:48','5daa76517e866','cibw0001'),
('2019-10-19 03:35:31','5daa730edeedf','cibw0001'),
('2019-10-19 03:39:52','5daa76e823818','cib00003'),
('2019-10-19 03:39:53','5daa7713be2c2','cib00003'),
('2019-10-19 03:40:47','5daa74d3ab3d9','cib00003'),
('2019-10-19 03:41:25','5daa7fd399474','cib00002'),
('2019-10-19 03:43:10','5daa74d6ceb56','cib00003'),
('2019-10-19 03:43:26','5daa73334e4d8','cib00005'),
('2019-10-19 03:45:59','5daa74d3ab3d9','cib00004'),
('2019-10-19 03:46:07','5daa74d6ceb56','cib00004'),
('2019-10-19 03:46:11','5daa74d3ab3d9','cib00004'),
('2019-10-19 03:47:57','5daa7713be2c2','cib00004'),
('2019-10-19 03:48:05','5daa76e823818','cib00004'),
('2019-10-19 03:49:11','5daa73334e4d8','cibw0002'),
('2019-10-19 03:50:21','5daa7fd399474','cibw0001'),
('2019-10-19 03:58:57','5daa74d3ab3d9','cib00005'),
('2019-10-19 04:00:01','5d01dabf6e58c','cib00002'),
('2019-10-19 04:00:04','5daa76e823818','cib00005'),
('2019-10-19 04:00:58','5daa76517e866','cib00003'),
('2019-10-19 04:01:36','5daa74d6ceb56','cib00005'),
('2019-10-19 04:01:50','5daa76e823818','cibw0002'),
('2019-10-19 04:02:08','5daa7713be2c2','cib00005'),
('2019-10-19 04:04:00','5daa730edeedf','cib00003'),
('2019-10-19 04:04:40','5daa74d3ab3d9','cibw0002'),
('2019-10-19 04:04:59','5daa7713be2c2','cibw0002'),
('2019-10-19 04:06:54','5daa74d6ceb56','cibw0002'),
('2019-10-19 04:10:09','5daa76517e866','cib00004'),
('2019-10-19 04:10:34','5daa730edeedf','cib00004'),
('2019-10-19 04:16:27','5daa73334e4d8','cib00006'),
('2019-10-19 04:17:35','5daa73334e4d8','cib00006'),
('2019-10-19 04:23:24','5daa7fd399474','cib00003'),
('2019-10-19 04:27:00','5daa74d3ab3d9','cib00006'),
('2019-10-19 04:27:13','5daa730edeedf','cib00005'),
('2019-10-19 04:27:32','5daa7fd399474','cib00004'),
('2019-10-19 04:28:05','5daa73334e4d8','cib00007'),
('2019-10-19 04:29:34','5daa74d3ab3d9','cib00006'),
('2019-10-19 04:30:57','5daa7713be2c2','cib00006'),
('2019-10-19 04:32:07','5daa76517e866','cib00005'),
('2019-10-19 04:33:04','5daa73334e4d8','cibw0003'),
('2019-10-19 04:33:11','5daa730edeedf','cibw0002'),
('2019-10-19 04:33:44','5daa74d6ceb56','cib00006'),
('2019-10-19 04:36:51','5daa7fd399474','cib00005'),
('2019-10-19 04:38:03','5daa76517e866','cibw0002'),
('2019-10-19 04:44:48','5daa74d3ab3d9','cib00007'),
('2019-10-19 04:45:53','5daa7713be2c2','cib00007'),
('2019-10-19 04:46:04','5daa76e823818','cib00006'),
('2019-10-19 04:46:16','5daa7fd399474','cibw0002'),
('2019-10-19 04:46:56','5daa74d6ceb56','cib00007'),
('2019-10-19 04:47:36','5daa76e823818','cib00007'),
('2019-10-19 04:52:22','5daa7713be2c2','cibw0003'),
('2019-10-19 04:52:25','5daa76e823818','cibw0003'),
('2019-10-19 04:52:39','5daa74d6ceb56','cibw0003'),
('2019-10-19 04:52:53','5daa74d3ab3d9','cibw0003'),
('2019-10-19 05:06:58','5daa730edeedf','cib00006'),
('2019-10-19 05:10:08','5daa76517e866','cib00006'),
('2019-10-19 05:17:36','5daa76517e866','cib00007'),
('2019-10-19 05:18:29','5daa7fd399474','cib00006'),
('2019-10-19 05:22:01','5daa76517e866','cibw0003'),
('2019-10-19 05:23:02','5daa730edeedf','cib00007'),
('2019-10-19 05:25:15','5daa7fd399474','cib00007'),
('2019-10-19 05:27:53','5daa730edeedf','cibw0003'),
('2019-10-19 05:32:49','5daa7fd399474','cibw0003'),
('2019-10-24 03:43:13','5db11dd0ee82f','cib00000'),
('2019-10-24 03:49:25','5db11dd0ee82f','cib00001'),
('2019-10-24 03:55:34','5db11dd0ee82f','cib00002'),
('2019-10-24 03:59:04','5db11dd0ee82f','cibw0001'),
('2019-10-24 04:16:52','5db11dd0ee82f','cib00003'),
('2019-10-24 04:23:17','5db11dd0ee82f','cib00004'),
('2019-10-24 04:32:15','5db11dd0ee82f','cib00005'),
('2019-10-24 04:36:13','5db11dd0ee82f','cibw0002'),
('2019-10-24 04:59:36','5db11dd0ee82f','cib00006'),
('2019-10-24 05:09:37','5db11dd0ee82f','cib00007'),
('2019-10-24 05:12:49','5db11dd0ee82f','cibw0003'),
('2019-10-24 20:58:32','5d01dabf6e58c','cib00004'),
('2019-10-26 03:35:05','5db3bee967e2c','cib00000'),
('2019-10-26 03:35:31','5db3bf039e37c','cib00000'),
('2019-10-26 03:35:33','5db3bf050a8a0','cib00000'),
('2019-10-26 03:36:40','5db3bf48238aa','cib00000'),
('2019-10-26 03:37:50','5db3bf8e02420','cib00000'),
('2019-10-26 03:39:05','5db3bfd923aac','cib00000'),
('2019-10-26 03:40:46','5db3c03e7e028','cib00000'),
('2019-10-26 03:42:32','5db3bf48238aa','cib00001'),
('2019-10-26 03:45:23','5db3c153c2bdb','cib00000'),
('2019-10-26 03:46:12','5db3bf039e37c','cib00001'),
('2019-10-26 03:46:37','5db3bf050a8a0','cib00001'),
('2019-10-26 03:47:08','5db3bf8e02420','cib00001'),
('2019-10-26 03:47:37','5db3bfd923aac','cib00001'),
('2019-10-26 03:49:23','5db3c03e7e028','cib00001'),
('2019-10-26 03:50:21','5db3c153c2bdb','cib00001'),
('2019-10-26 03:50:42','5db3c291da349','cib00000'),
('2019-10-26 03:51:05','5db3bf48238aa','cib00002'),
('2019-10-26 03:51:58','5db3bf039e37c','cib00002'),
('2019-10-26 03:51:59','5db3bee967e2c','cib00001'),
('2019-10-26 03:52:38','5db3bf050a8a0','cib00002'),
('2019-10-26 03:53:03','5db3c31f132a2','cib00000'),
('2019-10-26 03:53:53','5db3bf48238aa','cibw0001'),
('2019-10-26 03:54:41','5db3c03e7e028','cib00002'),
('2019-10-26 03:57:05','5db3c31f132a2','cib00001'),
('2019-10-26 03:57:10','5db3bf050a8a0','cibw0001'),
('2019-10-26 03:57:18','5db3c291da349','cib00001'),
('2019-10-26 03:57:51','5db3c153c2bdb','cib00002'),
('2019-10-26 03:57:51','5db3bf039e37c','cibw0001'),
('2019-10-26 03:59:15','5db3bee967e2c','cib00002'),
('2019-10-26 04:00:26','5db3c4da5de19','cib00000'),
('2019-10-26 04:01:22','5db3c31f132a2','cib00002'),
('2019-10-26 04:01:52','5db3c153c2bdb','cibw0001'),
('2019-10-26 04:02:25','5db3c291da349','cib00002'),
('2019-10-26 04:02:28','5db3bf050a8a0','cib00003'),
('2019-10-26 04:02:39','5db3c03e7e028','cibw0001'),
('2019-10-26 04:02:47','5db3c567451b2','cib00000'),
('2019-10-26 04:03:07','5db3c4da5de19','cib00001'),
('2019-10-26 04:03:12','5db3bee967e2c','cibw0001'),
('2019-10-26 04:04:16','5db3c31f132a2','cibw0001'),
('2019-10-26 04:04:47','5db3bf050a8a0','cib00004'),
('2019-10-26 04:05:45','5db3bf039e37c','cib00003'),
('2019-10-26 04:06:04','5db3c567451b2','cib00001'),
('2019-10-26 04:06:07','5db3c291da349','cibw0001'),
('2019-10-26 04:06:59','5db3bf8e02420','cib00002'),
('2019-10-26 04:07:19','5db3bfd923aac','cib00002'),
('2019-10-26 04:08:36','5db3c6c4465d2','cib00000'),
('2019-10-26 04:08:45','5db3bf050a8a0','cib00005'),
('2019-10-26 04:08:48','5db3c6d01f5da','cib00000'),
('2019-10-26 04:10:21','5db3c72d39108','cib00000'),
('2019-10-26 04:10:25','5db3c31f132a2','cib00003'),
('2019-10-26 04:10:27','5db3bfd923aac','cibw0001'),
('2019-10-26 04:11:29','5db3c31f132a2','cib00004'),
('2019-10-26 04:11:36','5db3bf050a8a0','cibw0002'),
('2019-10-26 04:12:06','5db3bee967e2c','cib00003'),
('2019-10-26 04:12:25','5db3bf039e37c','cib00004'),
('2019-10-26 04:12:39','5db3bf8e02420','cibw0001'),
('2019-10-26 04:14:37','5db3bee967e2c','cib00004'),
('2019-10-26 04:14:51','5db3bf48238aa','cib00003'),
('2019-10-26 04:14:54','5db3bf039e37c','cib00005'),
('2019-10-26 04:15:37','5db3c03e7e028','cib00003'),
('2019-10-26 04:16:03','5db3c153c2bdb','cib00003'),
('2019-10-26 04:16:12','5db3c72d39108','cib00001'),
('2019-10-26 04:16:52','5db3c6d01f5da','cib00001'),
('2019-10-26 04:16:54','5db3c291da349','cib00003'),
('2019-10-26 04:17:10','5db3c6c4465d2','cib00001'),
('2019-10-26 04:17:31','5db3c31f132a2','cib00005'),
('2019-10-26 04:18:16','5db3c567451b2','cib00002'),
('2019-10-26 04:18:32','5db3bf039e37c','cibw0002'),
('2019-10-26 04:18:34','5db3c03e7e028','cib00004'),
('2019-10-26 04:18:46','5db3bfd923aac','cib00003'),
('2019-10-26 04:18:57','5db3bee967e2c','cib00005'),
('2019-10-26 04:19:49','5db3c31f132a2','cibw0002'),
('2019-10-26 04:22:04','5db3bfd923aac','cib00004'),
('2019-10-26 04:22:09','5db3c03e7e028','cib00005'),
('2019-10-26 04:22:17','5db3bee967e2c','cibw0002'),
('2019-10-26 04:22:22','5db3c6d01f5da','cib00002'),
('2019-10-26 04:22:46','5db3c291da349','cib00004'),
('2019-10-26 04:23:25','5db3bf050a8a0','cib00006'),
('2019-10-26 04:23:47','5db3c72d39108','cib00002'),
('2019-10-26 04:25:04','5db3c4da5de19','cib00002'),
('2019-10-26 04:25:22','5db3c03e7e028','cibw0002'),
('2019-10-26 04:25:28','5db3c567451b2','cibw0001'),
('2019-10-26 04:26:18','5db3bf050a8a0','cib00007'),
('2019-10-26 04:26:40','5db3c291da349','cib00005'),
('2019-10-26 04:27:39','5db3c6d01f5da','cibw0001'),
('2019-10-26 04:28:53','5db3bfd923aac','cib00005'),
('2019-10-26 04:29:11','5db3bf050a8a0','cibw0003'),
('2019-10-26 04:29:47','5db3c4da5de19','cibw0001'),
('2019-10-26 04:30:11','5db3c291da349','cibw0002'),
('2019-10-26 04:30:30','5db3c72d39108','cibw0001'),
('2019-10-26 04:30:48','5db3c31f132a2','cib00006'),
('2019-10-26 04:31:12','5db3bf050a8a0','cibw0002'),
('2019-10-26 04:31:27','5db3c153c2bdb','cib00004'),
('2019-10-26 04:32:12','5db3bf039e37c','cib00006'),
('2019-10-26 04:32:23','5db3bf050a8a0','cibw0002'),
('2019-10-26 04:32:40','5db3bf8e02420','cib00003'),
('2019-10-26 04:32:53','5db3bfd923aac','cibw0002'),
('2019-10-26 04:32:53','5db3c6c4465d2','cib00002'),
('2019-10-26 04:33:11','5db3bf039e37c','cib00006'),
('2019-10-26 04:33:50','5db3c153c2bdb','cib00005'),
('2019-10-26 04:33:59','5db3bf050a8a0','cibw0002'),
('2019-10-26 04:34:31','5db3c31f132a2','cib00007'),
('2019-10-26 04:35:07','5db3bf48238aa','cib00004'),
('2019-10-26 04:35:07','5db3bf039e37c','cibw0002'),
('2019-10-26 04:35:25','5db3bf8e02420','cib00004'),
('2019-10-26 04:35:40','5db3bf050a8a0','cibw0001'),
('2019-10-26 04:36:34','5db3c6c4465d2','cibw0001'),
('2019-10-26 04:36:46','5db3c6d01f5da','cib00003'),
('2019-10-26 04:37:01','5db3c31f132a2','cibw0003'),
('2019-10-26 04:37:36','5db3c03e7e028','cib00006'),
('2019-10-26 04:37:55','5db3bf050a8a0','cibw0001'),
('2019-10-26 04:37:56','5db3bf039e37c','cib00007'),
('2019-10-26 04:38:02','5db3c153c2bdb','cibw0002'),
('2019-10-26 04:38:12','5db3c72d39108','cibw0002'),
('2019-10-26 04:38:40','5db3bee967e2c','cib00006'),
('2019-10-26 04:39:26','5db3c6d01f5da','cib00004'),
('2019-10-26 04:39:26','5db3bf48238aa','cib00005'),
('2019-10-26 04:39:54','5db3c72d39108','cibw0003'),
('2019-10-26 04:40:43','5db3bf039e37c','cibw0003'),
('2019-10-26 04:41:07','5db3c03e7e028','cib00007'),
('2019-10-26 04:41:50','5db3bee967e2c','cib00007'),
('2019-10-26 04:42:57','5db3bf48238aa','cibw0002'),
('2019-10-26 04:43:00','5db3c72d39108','cibw0003'),
('2019-10-26 04:43:18','5db3c6c4465d2','cib00003'),
('2019-10-26 04:44:32','5db3bee967e2c','cibw0003'),
('2019-10-26 04:44:48','5db3c6d01f5da','cib00005'),
('2019-10-26 04:44:52','5db3bf8e02420','cib00005'),
('2019-10-26 04:44:54','5db3c03e7e028','cibw0003'),
('2019-10-26 04:45:35','5db3c567451b2','cib00003'),
('2019-10-26 04:47:11','5db3bfd923aac','cib00006'),
('2019-10-26 04:47:46','5db3c153c2bdb','cib00006'),
('2019-10-26 04:47:52','5db3c291da349','cib00006'),
('2019-10-26 04:48:42','5db3bf8e02420','cibw0002'),
('2019-10-26 04:48:48','5db3c6d01f5da','cibw0002'),
('2019-10-26 04:49:53','5db3c291da349','cib00007'),
('2019-10-26 04:50:27','5db3c153c2bdb','cib00007'),
('2019-10-26 04:50:43','5db3c567451b2','cib00004'),
('2019-10-26 04:52:23','5db3c72d39108','cib00003'),
('2019-10-26 04:52:24','5db3c291da349','cibw0003'),
('2019-10-26 04:53:22','5db3c4da5de19','cib00003'),
('2019-10-26 04:54:04','5db3c153c2bdb','cibw0003'),
('2019-10-26 04:54:15','5db3c4da5de19','cib00003'),
('2019-10-26 04:55:09','5db3c72d39108','cib00004'),
('2019-10-26 04:55:48','5db3c72d39108','cib00005'),
('2019-10-26 04:55:53','5db3c567451b2','cib00005'),
('2019-10-26 04:57:02','5db3c4da5de19','cib00004'),
('2019-10-26 04:57:45','5db3bfd923aac','cib00007'),
('2019-10-26 04:59:33','5db3c4da5de19','cib00005'),
('2019-10-26 05:00:08','5db3bf48238aa','cib00006'),
('2019-10-26 05:00:11','5db3c6d01f5da','cib00006'),
('2019-10-26 05:00:14','5db3c6c4465d2','cib00004'),
('2019-10-26 05:00:20','5db3c567451b2','cibw0002'),
('2019-10-26 05:00:44','5db3bfd923aac','cibw0003'),
('2019-10-26 05:02:33','5db3c4da5de19','cibw0002'),
('2019-10-26 05:02:57','5db3bfd923aac','cibw0003'),
('2019-10-26 05:03:15','5db3c6d01f5da','cib00007'),
('2019-10-26 05:03:27','5db3bf48238aa','cib00007'),
('2019-10-26 05:03:29','5db3bf8e02420','cib00006'),
('2019-10-26 05:03:31','5db3c6c4465d2','cib00005'),
('2019-10-26 05:05:06','5db3bfd923aac','cibw0003'),
('2019-10-26 05:05:16','5db3c6c4465d2','cibw0002'),
('2019-10-26 05:05:54','5db3bf8e02420','cib00007'),
('2019-10-26 05:06:36','5db3bf48238aa','cibw0003'),
('2019-10-26 05:08:43','5db3c6d01f5da','cibw0003'),
('2019-10-26 05:08:47','5db3bf8e02420','cibw0003'),
('2019-10-26 05:12:30','5db3c4da5de19','cib00006'),
('2019-10-26 05:13:19','5db3c6c4465d2','cib00006'),
('2019-10-26 05:13:53','5db3c4da5de19','cib00007'),
('2019-10-26 05:15:35','5db3c6c4465d2','cib00007'),
('2019-10-26 05:16:06','5db3c4da5de19','cibw0003'),
('2019-10-26 05:17:39','5db3c6c4465d2','cibw0003'),
('2019-10-26 05:18:05','5db3c72d39108','cib00006'),
('2019-10-26 05:19:24','5db3c567451b2','cib00006'),
('2019-10-26 05:20:25','5db3c72d39108','cib00007'),
('2019-10-26 05:23:30','5db3c567451b2','cib00007'),
('2019-10-26 05:26:04','5db3c567451b2','cibw0003'),
('2019-10-26 05:32:00','5db3da50332ff','cib00000'),
('2019-10-26 13:30:41','5db44a811aa24','cib00000'),
('2019-10-26 13:43:32','5db44a811aa24','cib00001'),
('2019-10-26 13:57:49','5db44a811aa24','cib00002'),
('2019-10-26 14:05:36','5db44a811aa24','cibw0001'),
('2019-10-26 14:24:19','5db44a811aa24','cib00003'),
('2019-10-26 14:28:16','5db44a811aa24','cib00004'),
('2019-10-26 14:41:21','5db44a811aa24','cib00005'),
('2019-10-26 14:47:43','5db44a811aa24','cibw0002'),
('2019-10-26 15:24:03','5db44a811aa24','cib00006'),
('2019-10-26 15:55:41','5db44a811aa24','cib00007'),
('2019-10-26 15:59:20','5db44a811aa24','cibw0003'),
('2019-10-28 10:31:45','5db6c39117257','cib00000'),
('2019-10-28 10:42:22','5db6c39117257','cib00001'),
('2019-10-28 10:52:21','5db6c39117257','cib00002'),
('2019-10-28 10:58:39','5db6c39117257','cibw0001'),
('2019-10-28 11:23:18','5db6c39117257','cib00003'),
('2019-10-28 11:30:35','5db6c39117257','cib00004'),
('2019-10-28 11:45:45','5db6c39117257','cib00005'),
('2019-10-28 11:50:42','5db6c39117257','cibw0002'),
('2019-10-28 12:21:12','5db6c39117257','cib00006'),
('2019-10-28 12:27:05','5db6c39117257','cib00007'),
('2019-10-28 12:30:48','5db6c39117257','cibw0003');
